firstname,lastname,gender,birthdate,moduleid
Abigail,Louis,female,1994-03-01,3
Bell,Snedden,female,1900-01-01,3
Brigitte,Cobb,female,1900-01-01,1
Bulrush,Bouchard,male,1990-09-12,1
Candice,Carson,female,1900-01-02,1
Chad,Andrews,male,1989-09-12,1
Christina,Blake,female,1994-09-12,1
Claudio,Engle,male,1994-09-12,1
Dena,Pacheco,female,1983-09-12,1
Elba,Lockhart,female,1994-09-12,1
Emerson,Milton,male,2008-09-12,2
Emilio,Hutchinson,male,1978-09-12,2
Gail,Horton,male,1994-09-12,2
Geneva,Underwood,female,1994-09-12,2
Healy,Colette,female,1998-09-12,3
Heriberto,Rush,male,1994-09-12,3
Hollie,Voss,female,1994-09-12,3
Louise,Kelchner,female,2000-09-12,3
Mildred,Starnes,female,1994-09-12,3
Orville,Daniel,male,2001-09-12,3
Rae,Childers,male,1994-09-12,3
Terry,English,male,2003-09-12,3
